{"cameraMode":{"drawMode":0,"name":"Shaded","section":"Shading Mode"},"sceneLighting":true,"audioPlay":false,"sceneViewState":{"showFog":false,"showMaterialUpdate":false,"showSkybox":false,"showFlares":false,"showImageEffects":false,"showParticleSystems":false},"in2DMode":false,"pivot":{"x":-0.7918338775634766,"y":-11.21668529510498,"z":-1.5754852294921876},"rotation":{"x":0.1826450377702713,"y":-0.8170878887176514,"z":0.398039311170578,"w":0.37493064999580386},"size":26.027944564819337,"orthographic":false}